<?xml version="1.0" encoding="UTF-8"?>
<project-private xmlns="http://www.netbeans.org/ns/project-private/1">
    <editor-bookmarks xmlns="http://www.netbeans.org/ns/editor-bookmarks/2" lastBookmarkId="0"/>
    <open-files xmlns="http://www.netbeans.org/ns/projectui-open-files/2">
        <group>
            <file>file:/C:/Users/Youssef/Documents/NetBeansProjects/JavaApplication6/src/javaapplication6/Product.java</file>
            <file>file:/C:/Users/Youssef/Documents/NetBeansProjects/JavaApplication6/src/javaapplication6/ElectronicProduct.java</file>
            <file>file:/C:/Users/Youssef/Documents/NetBeansProjects/JavaApplication6/src/javaapplication6/Order.java</file>
            <file>file:/C:/Users/Youssef/Documents/NetBeansProjects/JavaApplication6/src/javaapplication6/EcommerceSystem.java</file>
            <file>file:/C:/Users/Youssef/Documents/NetBeansProjects/JavaApplication6/src/javaapplication6/Customer.java</file>
            <file>file:/C:/Users/Youssef/Documents/NetBeansProjects/JavaApplication6/src/javaapplication6/Cart.java</file>
            <file>file:/C:/Users/Youssef/Documents/NetBeansProjects/JavaApplication6/src/javaapplication6/ClothingProduct.java</file>
            <file>file:/C:/Users/Youssef/Documents/NetBeansProjects/JavaApplication6/src/javaapplication6/BookProduct.java</file>
        </group>
    </open-files>
</project-private>
